-- Insert sample data into DEPARTMENT table
INSERT INTO DEPARTMENT (ID, NAME, CREATED_TIMESTAMP, UPDATED_TIMESTAMP, UPDATED_BY) VALUES (1, 'Information Technology', CURRENT_TIMESTAMP, CURRENT_TIMESTAMP, 'SYSTEM');
INSERT INTO DEPARTMENT (ID, NAME, CREATED_TIMESTAMP, UPDATED_TIMESTAMP, UPDATED_BY) VALUES (2, 'Human Resources', CURRENT_TIMESTAMP, CURRENT_TIMESTAMP, 'SYSTEM');
INSERT INTO DEPARTMENT (ID, NAME, CREATED_TIMESTAMP, UPDATED_TIMESTAMP, UPDATED_BY) VALUES (3, 'Finance', CURRENT_TIMESTAMP, CURRENT_TIMESTAMP, 'SYSTEM');
INSERT INTO DEPARTMENT (ID, NAME, CREATED_TIMESTAMP, UPDATED_TIMESTAMP, UPDATED_BY) VALUES (4, 'Marketing', CURRENT_TIMESTAMP, CURRENT_TIMESTAMP, 'SYSTEM');
INSERT INTO DEPARTMENT (ID, NAME, CREATED_TIMESTAMP, UPDATED_TIMESTAMP, UPDATED_BY) VALUES (5, 'Operations', CURRENT_TIMESTAMP, CURRENT_TIMESTAMP, 'SYSTEM');

-- Insert sample data into ADDRESS table
INSERT INTO ADDRESS (ID, ADDRESS_LINE_1, ADDRESS_LINE_2, ADDRESS_LINE_3, COUNTRY, POSTAL_CODE, CREATED_TIMESTAMP, UPDATED_TIMESTAMP, UPDATED_BY) VALUES (1, '123 Main Street', 'Apt 4B', NULL, 'United States', '10001', CURRENT_TIMESTAMP, CURRENT_TIMESTAMP, 'SYSTEM');
INSERT INTO ADDRESS (ID, ADDRESS_LINE_1, ADDRESS_LINE_2, ADDRESS_LINE_3, COUNTRY, POSTAL_CODE, CREATED_TIMESTAMP, UPDATED_TIMESTAMP, UPDATED_BY) VALUES (2, '456 Oak Avenue', 'Suite 200', 'Building A', 'United States', '90210', CURRENT_TIMESTAMP, CURRENT_TIMESTAMP, 'SYSTEM');
INSERT INTO ADDRESS (ID, ADDRESS_LINE_1, ADDRESS_LINE_2, ADDRESS_LINE_3, COUNTRY, POSTAL_CODE, CREATED_TIMESTAMP, UPDATED_TIMESTAMP, UPDATED_BY) VALUES (3, '789 Pine Road', NULL, NULL, 'Canada', 'M5V 3L9', CURRENT_TIMESTAMP, CURRENT_TIMESTAMP, 'SYSTEM');
INSERT INTO ADDRESS (ID, ADDRESS_LINE_1, ADDRESS_LINE_2, ADDRESS_LINE_3, COUNTRY, POSTAL_CODE, CREATED_TIMESTAMP, UPDATED_TIMESTAMP, UPDATED_BY) VALUES (4, '321 Elm Street', 'Floor 5', NULL, 'United Kingdom', 'SW1A 1AA', CURRENT_TIMESTAMP, CURRENT_TIMESTAMP, 'SYSTEM');
INSERT INTO ADDRESS (ID, ADDRESS_LINE_1, ADDRESS_LINE_2, ADDRESS_LINE_3, COUNTRY, POSTAL_CODE, CREATED_TIMESTAMP, UPDATED_TIMESTAMP, UPDATED_BY) VALUES (5, '654 Maple Drive', NULL, 'Unit 15', 'Australia', '2000', CURRENT_TIMESTAMP, CURRENT_TIMESTAMP, 'SYSTEM');

-- Insert sample data into TRAINING table
INSERT INTO TRAINING (ID, NAME, DESCRIPTION, CREATED_TIMESTAMP, UPDATED_TIMESTAMP, UPDATED_BY) VALUES (1, 'Java Programming Fundamentals', 'Comprehensive course covering Java basics, OOP concepts, and Spring Framework', CURRENT_TIMESTAMP, CURRENT_TIMESTAMP, 'SYSTEM');
INSERT INTO TRAINING (ID, NAME, DESCRIPTION, CREATED_TIMESTAMP, UPDATED_TIMESTAMP, UPDATED_BY) VALUES (2, 'Data Security and Privacy', 'Training on data protection laws, security best practices, and privacy compliance', CURRENT_TIMESTAMP, CURRENT_TIMESTAMP, 'SYSTEM');
INSERT INTO TRAINING (ID, NAME, DESCRIPTION, CREATED_TIMESTAMP, UPDATED_TIMESTAMP, UPDATED_BY) VALUES (3, 'Leadership Development', 'Management skills development including team leadership, communication, and strategic thinking', CURRENT_TIMESTAMP, CURRENT_TIMESTAMP, 'SYSTEM');
INSERT INTO TRAINING (ID, NAME, DESCRIPTION, CREATED_TIMESTAMP, UPDATED_TIMESTAMP, UPDATED_BY) VALUES (4, 'Financial Analysis and Reporting', 'Advanced financial modeling, analysis techniques, and regulatory reporting requirements', CURRENT_TIMESTAMP, CURRENT_TIMESTAMP, 'SYSTEM');
INSERT INTO TRAINING (ID, NAME, DESCRIPTION, CREATED_TIMESTAMP, UPDATED_TIMESTAMP, UPDATED_BY) VALUES (5, 'Digital Marketing Strategies', 'Modern marketing approaches including social media, SEO, and content marketing', CURRENT_TIMESTAMP, CURRENT_TIMESTAMP, 'SYSTEM');

-- Insert sample data into EMPLOYEE table
INSERT INTO EMPLOYEE (ID, FIRST_NAME, LAST_NAME, EMAIL, PHONE, DEPARTMENT_ID, ADDRESS_ID, CREATED_TIMESTAMP, UPDATED_TIMESTAMP, UPDATED_BY, VERSION) VALUES (1, 'John', 'Smith', 'john.smith@company.com', '+1-555-0101', 1, 1, CURRENT_TIMESTAMP, CURRENT_TIMESTAMP, 'SYSTEM', 0);
INSERT INTO EMPLOYEE (ID, FIRST_NAME, LAST_NAME, EMAIL, PHONE, DEPARTMENT_ID, ADDRESS_ID, CREATED_TIMESTAMP, UPDATED_TIMESTAMP, UPDATED_BY, VERSION) VALUES (2, 'Sarah', 'Johnson', 'sarah.johnson@company.com', '+1-555-0102', 2, 2, CURRENT_TIMESTAMP, CURRENT_TIMESTAMP, 'SYSTEM', 0);
INSERT INTO EMPLOYEE (ID, FIRST_NAME, LAST_NAME, EMAIL, PHONE, DEPARTMENT_ID, ADDRESS_ID, CREATED_TIMESTAMP, UPDATED_TIMESTAMP, UPDATED_BY, VERSION) VALUES (3, 'Michael', 'Brown', 'michael.brown@company.com', '+1-555-0103', 3, 3, CURRENT_TIMESTAMP, CURRENT_TIMESTAMP, 'SYSTEM', 0);
INSERT INTO EMPLOYEE (ID, FIRST_NAME, LAST_NAME, EMAIL, PHONE, DEPARTMENT_ID, ADDRESS_ID, CREATED_TIMESTAMP, UPDATED_TIMESTAMP, UPDATED_BY, VERSION) VALUES (4, 'Emily', 'Davis', 'emily.davis@company.com', '+1-555-0104', 4, 4, CURRENT_TIMESTAMP, CURRENT_TIMESTAMP, 'SYSTEM', 0);
INSERT INTO EMPLOYEE (ID, FIRST_NAME, LAST_NAME, EMAIL, PHONE, DEPARTMENT_ID, ADDRESS_ID, CREATED_TIMESTAMP, UPDATED_TIMESTAMP, UPDATED_BY, VERSION) VALUES (5, 'Robert', 'Wilson', 'robert.wilson@company.com', '+1-555-0105', 5, 5, CURRENT_TIMESTAMP, CURRENT_TIMESTAMP, 'SYSTEM', 0);

-- Insert sample data into EMPLOYEE_TRAINING table
INSERT INTO EMPLOYEE_TRAINING (ID, EMP_ID, TRAINING_ID, DATE_OF_ALLOCATION, STATUS, CREATED_TIMESTAMP, UPDATED_TIMESTAMP, UPDATED_BY) VALUES (1, 1, 1, '2024-01-15', 'COMPLETED', CURRENT_TIMESTAMP, CURRENT_TIMESTAMP, 'SYSTEM');
INSERT INTO EMPLOYEE_TRAINING (ID, EMP_ID, TRAINING_ID, DATE_OF_ALLOCATION, STATUS, CREATED_TIMESTAMP, UPDATED_TIMESTAMP, UPDATED_BY) VALUES (2, 1, 2, '2024-02-01', 'IN_PROGRESS', CURRENT_TIMESTAMP, CURRENT_TIMESTAMP, 'SYSTEM');
INSERT INTO EMPLOYEE_TRAINING (ID, EMP_ID, TRAINING_ID, DATE_OF_ALLOCATION, STATUS, CREATED_TIMESTAMP, UPDATED_TIMESTAMP, UPDATED_BY) VALUES (3, 2, 2, '2024-01-20', 'COMPLETED', CURRENT_TIMESTAMP, CURRENT_TIMESTAMP, 'SYSTEM');
INSERT INTO EMPLOYEE_TRAINING (ID, EMP_ID, TRAINING_ID, DATE_OF_ALLOCATION, STATUS, CREATED_TIMESTAMP, UPDATED_TIMESTAMP, UPDATED_BY) VALUES (4, 2, 3, '2024-02-10', 'ALLOCATED', CURRENT_TIMESTAMP, CURRENT_TIMESTAMP, 'SYSTEM');
INSERT INTO EMPLOYEE_TRAINING (ID, EMP_ID, TRAINING_ID, DATE_OF_ALLOCATION, STATUS, CREATED_TIMESTAMP, UPDATED_TIMESTAMP, UPDATED_BY) VALUES (5, 3, 4, '2024-01-25', 'IN_PROGRESS', CURRENT_TIMESTAMP, CURRENT_TIMESTAMP, 'SYSTEM');
